{
  "ward_labels": [
    1,
    3,
    2,
    2,
    2,
    3,
    3,
    1,
    1,
    1,
    1,
    1,
    1,
    3,
    2,
    3,
    1,
    1,
    1,
    1
  ],
  "average_labels": [
    2,
    1,
    2,
    2,
    2,
    2,
    3,
    2,
    2,
    2,
    2,
    2,
    2,
    1,
    2,
    1,
    2,
    2,
    2,
    2
  ],
  "ari_ward_vs_average": 0.35340827059915436,
  "complete_labels": [
    1,
    3,
    1,
    1,
    1,
    1,
    3,
    1,
    1,
    1,
    1,
    1,
    1,
    2,
    1,
    2,
    1,
    1,
    1,
    1
  ],
  "ari_ward_vs_complete": 0.34198283882973224,
  "single_labels": [
    1,
    1,
    1,
    1,
    1,
    1,
    3,
    1,
    1,
    1,
    1,
    1,
    1,
    2,
    1,
    1,
    1,
    1,
    1,
    1
  ],
  "ari_ward_vs_single": 0.12450801574349621
}