cluster,mean_pearson_r,sd_pearson_r,n_frameworks
1,0.19435493921760622,0.07732244081895252,11
2,0.5132003242478441,0.0781539717059156,4
3,0.05478633062513001,0.13904347380171778,5
